function_name,Logical,Precise,Unambiguous,Exhaustive,Troubleshooting,Contextualizing,Condensing
getColors,この関数は、指定されたカラースキームに基づいて前景色と背景色を取得します。,指定されたスキーム配列から、valueに基づいて前景色と背景色を計算してポインタに格納します。,スキーム配列のインデックスを計算し、前景色と背景色のポインタに対応する色を設定します。,戻り値はなく、指定されたポインタに前景色と背景色を設定します。スキームが不正な場合の動作は未定義です。,スキームが範囲外の場合やポインタがNULLの場合のエラーチェックは行われていません。,この関数は、グラフィカルなユーザーインターフェースやゲームなどでカラースキームを適用する際に使用されます。,指定されたスキームと値に基づいて前景色と背景色を設定します。
getDigitCount,この関数は、与えられた整数の桁数を計算して返します。,入力された整数を10で割り続け、割り切れるまでの回数をカウントします。,整数を10で割る操作を繰り返し、割り切れるまでの繰り返し回数を桁数として返します。,関数は常に0以上の整数の桁数を返し、負の数や例外は考慮されていません。,この関数はエラーや例外処理を行わないため、入力が32ビットの非負整数であることを前提としています。,この関数は、数値の桁数が必要な場面で使用されます。,与えられた整数の桁数を計算して返す関数です。
drawBoard,この関数は、2048ゲームのボードを指定されたカラースキームで描画し、スコアを表示します。,ボードの各セルに対して、getColors関数を使用して前景色と背景色を決定し、ANSIエスケープコードで色を設定して数値を表示します。,ボードの各セルに対して、数値が0でない場合は2のべき乗を表示し、0の場合はドットを表示します。,関数はボードの状態を表示し、色の設定をリセットしますが、エラーや例外の処理は行いません。,エラーや例外の処理は実装されておらず、入力データが正しいことを前提としています。,この関数は、2048ゲームのユーザーインターフェースの一部として使用され、ゲームの進行状況を視覚的に表示します。,2048ゲームのボードをカラースキームに基づいて描画し、スコアを表示する関数です。
findTarget,この関数は、指定された配列内で特定の条件に基づいてターゲット位置を見つける。,配列内の指定位置から逆方向に探索し、非ゼロかつ異なる値を持つ最初の要素の位置を返す。,指定された位置から逆方向に進み、非ゼロで現在の位置と異なる値を持つ最初の要素を見つけた場合、その位置を返す。,位置が0の場合はそのまま返し、探索中に停止位置に達した場合はその位置を返し、条件に合う要素が見つからない場合は元の位置を返す。,無限ループを避けるため、停止位置を超えないようにし、配列の範囲外アクセスを防ぐ必要がある。,この関数は、ゲームやデータ処理において、配列内の要素をスライドさせる際のターゲット位置を決定するために使用される。,配列内の指定位置から逆方向に探索し、条件に合うターゲット位置を見つける関数。
slideArray,この関数は、指定された配列内の要素をスライドさせ、可能であれば隣接する同じ値をマージします。,配列内の各要素を順にチェックし、ゼロでない場合はターゲット位置を見つけ、必要に応じて移動またはマージを行います。,配列の各要素を左から右にチェックし、ゼロでない要素を可能な限り左に移動し、同じ値が隣接する場合はマージしてスコアを更新します。,関数は、要素を移動またはマージした場合にtrueを返し、何も変更がない場合はfalseを返します。,この関数はエラーや例外処理を行わないため、入力配列が正しい形式であることを事前に確認する必要があります。,この関数は、2048ゲームのようなパズルゲームのロジックで使用されることを想定しています。,配列内の要素を左にスライドし、同じ値をマージしてスコアを更新する関数です。
rotateBoard,この関数は、2次元配列で表現されたボードを90度時計回りに回転させます。,ボードの外周から内側に向かって、各要素を一時変数を用いて4つの位置を交換することで回転を実現します。,ボードの各層に対して、4つの位置を順次交換することで90度回転を行います。,関数はボードを直接変更し、戻り値はありません。,関数内でエラー処理は行っておらず、SIZEが正しいことを前提としています。,この関数は、ゲームやパズルなどでボードの状態を回転させる必要がある場面で使用されます。,2次元配列のボードを90度時計回りに回転させる関数です。
moveUp,この関数は、ゲームボードの各列を上方向にスライドさせる機能を提供します。,関数は、ボードの各列に対して `slideArray` 関数を呼び出し、スライドが成功したかどうかを示すフラグを更新します。,関数は、ボードの各列を順に処理し、スライドが成功した場合に `true` を返します。,関数は、少なくとも1つの列がスライドに成功した場合に `true` を返し、成功しなかった場合は `false` を返します。,エラー処理は関数内で行われておらず、`slideArray` 関数のエラー処理に依存します。,この関数は、2048のようなゲームで、プレイヤーが上方向に移動を指示した際に使用されます。,ボードの各列を上方向にスライドさせ、成功したかどうかを返す関数です。
moveLeft,この関数は、ゲームボード上のタイルを左方向に移動させるための処理を行います。,ボードを90度回転させてから上方向にタイルを移動し、その後ボードを元の向きに戻すために3回回転させます。,ボードを左に移動するために、まず90度回転して上方向に移動し、3回回転して元の向きに戻します。,関数はタイルの移動が成功したかどうかを示すブール値を返しますが、エラー処理は実装されていません。,エラーや例外処理は含まれていないため、入力の検証やエラー処理は別途実装する必要があります。,この関数は、2048のようなタイルを動かすゲームで使用されることを想定しています。,ボードを左に移動するために回転と上方向移動を行い、成功をブール値で返します。
moveDown,この関数は、ゲームボードを下方向に移動させるための処理を行います。,ボードを180度回転させてから上方向に移動し、その後再び180度回転させて元の向きに戻します。,ボードを2回回転させた後、moveUp関数を呼び出して移動を行い、再度2回回転させて元の状態に戻します。,成功した場合はtrueを返し、失敗した場合はfalseを返します。スコアはmoveUp関数の処理によって更新されます。,エラーや例外処理はこの関数内では行われていません。,この関数は、2048のようなスライドパズルゲームで、ピースを下方向に動かす際に使用されます。,ボードを180度回転させて上方向に移動し、再度回転させて元に戻すことで下方向への移動を実現します。
moveRight,この関数はゲームボードを右に移動させるための処理を行います。,ボードを3回回転させた後、上方向への移動処理を行い、最後にもう一度ボードを回転させます。,ボードを3回回転させてから上方向に移動し、再度1回回転させることで右方向への移動を実現します。,関数は右方向への移動が成功したかどうかを示すブール値を返します。,エラー処理は関数内に含まれておらず、呼び出し元での対処が必要です。,この関数は、2048のようなゲームで右方向への移動を実現するために使用されます。,ボードを右に移動させるために3回回転し、上方向に移動してから再度回転します。
findPairDown,この関数は、2次元配列内で縦に隣接する同じ値のペアを探します。,ボード上の各列を上から下に走査し、縦に隣接する要素が等しいかを確認します。,同じ列内で上下に隣接する2つの要素が等しい場合にtrueを返します。,同じ値のペアが見つかった場合はtrueを返し、見つからない場合はfalseを返します。,エラー処理は実装されておらず、入力配列のサイズが正しいことを前提としています。,この関数は、ゲームやパズルのロジックで、同じ値を持つペアを検出する際に使用されます。,縦に隣接する同じ値のペアを探し、見つかればtrueを返します。
countEmpty,この関数は、与えられた2次元配列内の空の要素（値が0の要素）の数をカウントします。,2重のforループを用いて配列の各要素を走査し、要素が0であればカウントをインクリメントします。,配列内の各要素をチェックし、0である場合に限りカウントを増やします。,関数は、配列内の0の要素の数を返し、エラーや例外処理は行いません。,エラー処理は実装されておらず、配列のサイズが正しく設定されていることが前提です。,この関数は、ボードゲームやパズルのような2次元グリッドの空きスペースを数える際に使用されます。,2次元配列内の0の要素の数をカウントして返します。
gameEnded,この関数は、ゲームが終了したかどうかを判定します。,ボード上に空きマスがあるか、隣接するペアが存在するかをチェックし、ゲームが続行可能かを判断します。,ボードに空きがないかつ隣接するペアがない場合にゲーム終了と判定します。,空きマスがある場合や隣接するペアがある場合はfalseを返し、どちらもない場合はtrueを返します。,エラーや例外処理は特に行っておらず、入力が正しい前提で動作します。,この関数は、2048のようなゲームで次の手が可能かどうかを確認するために使用されます。,ゲームが終了したかをボードの状態から判定する関数です。
addRandom,この関数は、与えられたボード上のランダムな空きセルに1または2を追加します。,ボード上の空きセルをリスト化し、その中からランダムに選んだセルに1または2を配置します。,ボードの空きセルを見つけ、それらの中からランダムに選んだセルに1または2を配置します。,空きセルが存在する場合、ランダムに選んだセルに1または2を配置し、空きセルがない場合は何も行いません。,エラーや例外処理は特に行っていませんが、ボードが空でない場合は何も変更されません。,この関数は、ゲームやシミュレーションでランダムな要素を追加する際に使用されます。,ボード上のランダムな空きセルに1または2を追加する関数です。
initBoard,この関数は、ゲームボードを初期化し、ランダムな位置に2つの値を追加します。,2次元配列boardのすべての要素を0に設定し、addRandom関数を2回呼び出してランダムな位置に値を追加します。,関数は、指定されたサイズのボードを0で初期化し、addRandom関数を用いて2つのランダムな位置に値を配置します。,関数は戻り値を持たず、board配列の状態を変更します。エラー処理は実装されていません。,関数内でエラー処理は行われておらず、addRandom関数の動作に依存します。,この関数は、ゲーム開始時にボードを初期化するために使用されます。,ボードを0で初期化し、ランダムな位置に2つの値を追加します。
setBufferedInput,この関数は、標準入力のバッファリングを有効または無効にする。,引数がtrueの場合は以前の設定を復元し、falseの場合は標準入力のカノニカルモードとエコーを無効にする。,引数に基づいて標準入力の設定を変更し、バッファリングの状態を切り替える。,引数がtrueでバッファリングが無効な場合は設定を復元し、falseで有効な場合は設定を変更する。,エラー処理は含まれていないため、`tcsetattr`や`tcgetattr`が失敗した場合の対処が必要。,この関数は、対話型プログラムでユーザー入力の処理方法を変更する際に使用される。,標準入力のバッファリングを切り替える関数。
testSucceed,この関数は、事前に定義されたテストケースを使用して、`slideArray`関数の出力が期待通りであるかを検証します。,関数は、データセットから入力と期待される出力を取得し、`slideArray`関数を呼び出して結果を比較します。すべてのテストケースが成功した場合にtrueを返します。,関数は、各テストケースで`slideArray`の出力と期待される出力を比較し、一致しない場合はfalseを返します。,すべてのテストケースが成功した場合はtrueを返し、失敗した場合はfalseを返します。失敗した場合には、期待される出力と実際の出力を表示します。,テストが失敗した場合、入力、実際の出力、期待される出力、およびスコアを表示してデバッグを支援します。,この関数は、`slideArray`関数の動作を検証するためのユニットテストとして使用されます。,この関数は、`slideArray`の出力が期待通りであるかをテストし、すべてのテストが成功した場合にtrueを返します。
signal_callback_handler,この関数は、シグナルを受け取った際にプログラムを終了するための処理を行います。,シグナルを受け取ると、終了メッセージを表示し、バッファード入力を有効にし、カーソルを表示してからプログラムを終了します。,シグナル番号を受け取り、終了メッセージを表示し、入力モードをリセットしてから指定されたシグナル番号でプログラムを終了します。,この関数は、シグナルを受け取ると必ず終了メッセージを表示し、入力モードをリセットし、プログラムを終了します。,この関数自体はエラー処理を行いませんが、シグナルハンドラとして登録されるため、予期しないシグナルによる終了を防ぐために適切に設定されるべきです。,この関数は、プログラムがシグナルを受け取った際に、適切に終了処理を行うためにシグナルハンドラとして使用されます。,シグナルを受け取ると、終了メッセージを表示し、入力モードをリセットしてプログラムを終了します。
main,この関数は、コンソール上で2048ゲームを実行し、ユーザーの入力に応じてゲームの状態を更新します。,コマンドライン引数を解析してゲームのモードを設定し、ゲームループ内でユーザーのキーボード入力に基づいてボードの状態を更新し、ゲームが終了するまでループを続けます。,ユーザーが指定したオプションに基づいてゲームの色スキームを設定し、ユーザーの入力に応じてボードを移動させ、ゲームの終了条件を満たすまで繰り返します。,コマンドライン引数が不正な場合はエラーメッセージを表示して終了し、ゲーム終了時には終了メッセージを表示します。正常に終了した場合はEXIT_SUCCESSを返します。,キーボード入力が読み取れない場合はエラーメッセージを表示し、ゲームを終了します。,この関数は、ターミナル上で2048ゲームをプレイするためのエントリーポイントとして使用されます。,コンソールで2048ゲームを実行し、ユーザー入力に応じてゲームを進行させます。
